{
    "scene": {
        "ambientLight": 0.10000000149011612,
        "ambientLightPosition": {
            "x": 5000.0,
            "y": 5000.0,
            "z": 8000.0
        },
        "isSceneCullingActive": true,
        "drawQuadTree": false,
        "enableVSync": false
    },
    "sceneCamera": {
        "componentType": "CAMERA",
        "frustum.nearPlaneDistance": 10.0,
        "frustum.farPlaneDistance": 35000.0,
        "cameraPosition": {
            "x": -367.4994201660156,
            "y": 176.2655487060547,
            "z": 1630.6446533203126
        },
        "cameraFront": {
            "x": 0.22116023302078248,
            "y": 0.05930638313293457,
            "z": -0.9734325408935547
        },
        "cameraUp": {
            "x": 0.0,
            "y": 1.0,
            "z": 0.0
        },
        "pitch": 3.40000057220459,
        "yaw": -77.19989776611328
    },
    "selectedCamera": {
        "componentType": "CAMERA",
        "frustum.nearPlaneDistance": 10.0,
        "frustum.farPlaneDistance": 35000.0,
        "cameraPosition": {
            "x": -367.4994201660156,
            "y": 176.2655487060547,
            "z": 1630.6446533203126
        },
        "cameraFront": {
            "x": 0.22116023302078248,
            "y": 0.05930638313293457,
            "z": -0.9734325408935547
        },
        "cameraUp": {
            "x": 0.0,
            "y": 1.0,
            "z": 0.0
        },
        "pitch": 3.40000057220459,
        "yaw": -77.19989776611328
    },
    "gameObjects": [
        {
            "uuid": "58cd4937-174e-48fe-a1b0-6a106b6f8f65",
            "name": "root",
            "active": true,
            "gameObjectStatic": false,
            "components": []
        },
        {
            "uuid": "aaa980e7-fa79-422d-bcdd-a6887c80adbf",
            "name": "conejo1",
            "parent": "58cd4937-174e-48fe-a1b0-6a106b6f8f65",
            "active": true,
            "gameObjectStatic": false,
            "components": [
                {
                    "componentType": "TRANSFORMATION",
                    "gameObjectParent": "aaa980e7-fa79-422d-bcdd-a6887c80adbf",
                    "identity": false,
                    "position": {
                        "x": -208.20034790039063,
                        "y": 0.0,
                        "z": 0.0
                    },
                    "eulerRotation": {
                        "x": -0.0,
                        "y": 0.0,
                        "z": -0.0
                    },
                    "scale": {
                        "x": 1.0,
                        "y": 1.0,
                        "z": 1.0
                    },
                    "rotation": {
                        "x": 0.0,
                        "y": 0.0,
                        "z": 0.0,
                        "w": 1.0
                    }
                },
                {
                    "componentType": "MESH",
                    "gameObjectParent": "aaa980e7-fa79-422d-bcdd-a6887c80adbf",
                    "labelCurrentFileMeshSelected": "zombunny_0.chamo",
                    "isWireframeActive": false
                },
                {
                    "componentType": "MATERIAL",
                    "gameObjectParent": "aaa980e7-fa79-422d-bcdd-a6887c80adbf",
                    "labelDiffuseCurrentFileTextureSelected": "",
                    "diffuseColor": {
                        "x": 1.0,
                        "y": 1.0,
                        "z": 1.0,
                        "w": 1.0
                    },
                    "diffuseK": 1.0,
                    "labelOcclusionCurrentFileTextureSelected": "",
                    "ambientK": 0.5,
                    "labelSpecularCurrentFileTextureSelected": "",
                    "specularColor": {
                        "x": 1.0,
                        "y": 1.0,
                        "z": 1.0,
                        "w": 1.0
                    },
                    "specularK": 0.6000000238418579,
                    "shininess": 64.0,
                    "labelEmissiveCurrentFileTextureSelected": "",
                    "emissiveColor": {
                        "x": 0.0,
                        "y": 0.0,
                        "z": 0.0,
                        "w": 0.0
                    }
                }
            ]
        },
        {
            "uuid": "7f1baece-cd88-469f-aa19-13612fb85de7",
            "name": "conejo2",
            "parent": "58cd4937-174e-48fe-a1b0-6a106b6f8f65",
            "active": true,
            "gameObjectStatic": false,
            "components": [
                {
                    "componentType": "TRANSFORMATION",
                    "gameObjectParent": "7f1baece-cd88-469f-aa19-13612fb85de7",
                    "identity": false,
                    "position": {
                        "x": 387.5863037109375,
                        "y": 0.0,
                        "z": 0.0
                    },
                    "eulerRotation": {
                        "x": -0.0,
                        "y": 0.0,
                        "z": -0.0
                    },
                    "scale": {
                        "x": 1.0,
                        "y": 1.0,
                        "z": 1.0
                    },
                    "rotation": {
                        "x": 0.0,
                        "y": 0.0,
                        "z": 0.0,
                        "w": 1.0
                    }
                },
                {
                    "componentType": "MESH",
                    "gameObjectParent": "7f1baece-cd88-469f-aa19-13612fb85de7",
                    "labelCurrentFileMeshSelected": "zombunny_0.chamo",
                    "isWireframeActive": false
                },
                {
                    "componentType": "MATERIAL",
                    "gameObjectParent": "7f1baece-cd88-469f-aa19-13612fb85de7",
                    "labelDiffuseCurrentFileTextureSelected": "",
                    "diffuseColor": {
                        "x": 1.0,
                        "y": 1.0,
                        "z": 1.0,
                        "w": 1.0
                    },
                    "diffuseK": 1.0,
                    "labelOcclusionCurrentFileTextureSelected": "",
                    "ambientK": 0.5,
                    "labelSpecularCurrentFileTextureSelected": "",
                    "specularColor": {
                        "x": 1.0,
                        "y": 1.0,
                        "z": 1.0,
                        "w": 1.0
                    },
                    "specularK": 0.6000000238418579,
                    "shininess": 64.0,
                    "labelEmissiveCurrentFileTextureSelected": "",
                    "emissiveColor": {
                        "x": 0.0,
                        "y": 0.0,
                        "z": 0.0,
                        "w": 0.0
                    }
                }
            ]
        },
        {
            "uuid": "91127684-86f6-4922-b957-ca19de64275a",
            "name": "otro",
            "parent": "58cd4937-174e-48fe-a1b0-6a106b6f8f65",
            "active": true,
            "gameObjectStatic": false,
            "components": [
                {
                    "componentType": "TRANSFORMATION",
                    "gameObjectParent": "91127684-86f6-4922-b957-ca19de64275a",
                    "identity": false,
                    "position": {
                        "x": 300.9776611328125,
                        "y": 0.0,
                        "z": -1193.0263671875
                    },
                    "eulerRotation": {
                        "x": -180.0,
                        "y": 0.000005008955668017734,
                        "z": -180.0
                    },
                    "scale": {
                        "x": 1.0,
                        "y": 1.0,